month,bigram,frequency
7/2012,RT RT,6
8/2012,RT RT,5
9/2012,RT RT,3
7/2013,I want,2
11/2014,I know,25
11/2014,I want,19
11/2014,I think,16
11/2014,I feel,12
11/2014,I hate,11
11/2014,I need,10
11/2014,I love,7
11/2014,You know,5
11/2014,The best,4
11/2014,wake up,3
11/2014,I see,3
11/2014,I wish,2
12/2014,I think,27
12/2014,I know,26
12/2014,I love,23
12/2014,I want,23
12/2014,I feel,15
12/2014,I hate,14
12/2014,I see,12
12/2014,I need,12
12/2014,I guess,6
12/2014,I believe,6
12/2014,wake up,4
12/2014,You know,3
12/2014,right now,2
12/2014,health care,2
12/2014,I wish,2
12/2014,I hope,2
1/2015,Super Bowl,150
1/2015,I love,83
1/2015,I know,81
1/2015,I want,79
1/2015,I think,55
1/2015,I need,51
1/2015,I hate,50
1/2015,I wish,43
1/2015,The best,29
1/2015,I see,28
1/2015,White House,27
1/2015,Islamic State,27
1/2015,I feel,26
1/2015,Supreme Court,25
1/2015,New York,23
1/2015,first time,21
1/2015,I believe,21
1/2015,You know,20
1/2015,I hope,16
1/2015,We need,16
1/2015,wake up,15
1/2015,High School,14
1/2015,I guess,12
1/2015,found dead,12
1/2015,fatally shot,11
1/2015,I really,10
1/2015,San Francisco,9
1/2015,Los Angeles,7
1/2015,I thought,6
1/2015,Man shot,6
1/2015,North Korea,6
1/2015,New Jersey,5
1/2015,police officer,5
1/2015,United States,4
1/2015,pleads guilty,4
1/2015,high school,4
1/2015,Of The,3
1/2015,health care,3
1/2015,Bay Area,2
1/2015,South Carolina,2
1/2015,Fox News,2
1/2015,Hillary Clinton,2
1/2015,RT I,2
1/2015,Check out,2
2/2015,Super Bowl,92
2/2015,I love,77
2/2015,I want,61
2/2015,I think,59
2/2015,I know,48
2/2015,Islamic State,43
2/2015,I need,41
2/2015,The best,25
2/2015,I hate,25
2/2015,North Carolina,22
2/2015,New York,19
2/2015,wake up,17
2/2015,I wish,17
2/2015,I feel,16
2/2015,police officer,15
2/2015,found dead,14
2/2015,You know,12
2/2015,White House,12
2/2015,pleads guilty,12
2/2015,I guess,11
2/2015,United States,11
2/2015,I believe,10
2/2015,Los Angeles,10
2/2015,high school,10
2/2015,I hope,9
2/2015,social media,8
2/2015,I see,8
2/2015,New Jersey,8
2/2015,Supreme Court,8
2/2015,We need,8
2/2015,High School,7
2/2015,In The,7
2/2015,first time,7
2/2015,I thought,6
2/2015,Puerto Rico,5
2/2015,I really,5
2/2015,San Diego,5
2/2015,Of The,5
2/2015,fatally shot,5
2/2015,President Obama,4
2/2015,Man shot,4
2/2015,Donald Trump,3
2/2015,health care,3
2/2015,South Carolina,2
2/2015,Wall Street,2
2/2015,San Jose,2
2/2015,Hillary Clinton,2
2/2015,Check out,2
3/2015,I know,108
3/2015,I love,83
3/2015,I want,82
3/2015,I think,81
3/2015,I wish,78
3/2015,I need,71
3/2015,I feel,65
3/2015,I hate,59
3/2015,I see,32
3/2015,I hope,30
3/2015,I really,29
3/2015,White House,24
3/2015,Islamic State,23
3/2015,New Orleans,22
3/2015,New York,21
3/2015,police officer,20
3/2015,The best,20
3/2015,first time,18
3/2015,You know,17
3/2015,We need,16
3/2015,Hillary Clinton,16
3/2015,wake up,14
3/2015,Los Angeles,14
3/2015,I believe,14
3/2015,found dead,13
3/2015,Supreme Court,13
3/2015,pleads guilty,13
3/2015,Of The,10
3/2015,San Jose,9
3/2015,I thought,9
3/2015,Ted Cruz,8
3/2015,High School,8
3/2015,New Jersey,6
3/2015,Man shot,6
3/2015,President Obama,6
3/2015,North Carolina,5
3/2015,In The,5
3/2015,United States,5
3/2015,I guess,4
3/2015,Bill Clinton,4
3/2015,health care,4
3/2015,high school,4
3/2015,Michelle Obama,3
3/2015,fatally shot,3
3/2015,Super Bowl,3
3/2015,San Francisco,2
3/2015,Ben Carson,2
3/2015,North Korea,2
3/2015,Wall Street,2
4/2015,I want,52
4/2015,Hillary Clinton,41
4/2015,White House,37
4/2015,I think,35
4/2015,New York,35
4/2015,Supreme Court,32
4/2015,I love,30
4/2015,I know,28
4/2015,I need,25
4/2015,South Carolina,20
4/2015,Islamic State,20
4/2015,I wish,20
4/2015,police officer,18
4/2015,Los Angeles,17
4/2015,I hope,17
4/2015,Of The,16
4/2015,I hate,14
4/2015,New Jersey,12
4/2015,I feel,12
4/2015,High School,11
4/2015,I really,11
4/2015,I guess,10
4/2015,found dead,9
4/2015,wake up,8
4/2015,pleads guilty,7
4/2015,The best,7
4/2015,North Carolina,7
4/2015,We need,7
4/2015,United States,6
4/2015,I thought,6
4/2015,I see,6
4/2015,Donald Trump,6
4/2015,fatally shot,5
4/2015,high school,4
4/2015,Fox News,4
4/2015,In The,4
4/2015,social media,3
4/2015,Wall Street,3
4/2015,North Korea,3
4/2015,Man shot,3
4/2015,I believe,3
4/2015,You know,2
4/2015,right now,2
4/2015,black people,2
4/2015,Bill Clinton,2
4/2015,first time,2
4/2015,New Orleans,2
4/2015,San Francisco,2
4/2015,Bernie Sanders,2
4/2015,Ted Cruz,2
5/2015,I want,114
5/2015,New York,73
5/2015,I love,64
5/2015,I think,64
5/2015,White House,54
5/2015,I hate,47
5/2015,I know,40
5/2015,I need,38
5/2015,Hillary Clinton,36
5/2015,New Orleans,28
5/2015,Of The,24
5/2015,police officer,23
5/2015,I wish,21
5/2015,I see,21
5/2015,Supreme Court,21
5/2015,I feel,21
5/2015,I guess,20
5/2015,found dead,18
5/2015,I hope,17
5/2015,We need,17
5/2015,pleads guilty,15
5/2015,Islamic State,15
5/2015,Bernie Sanders,15
5/2015,San Diego,15
5/2015,San Francisco,14
5/2015,high school,13
5/2015,Los Angeles,13
5/2015,Fox News,13
5/2015,President Obama,12
5/2015,In The,12
5/2015,High School,11
5/2015,Man shot,9
5/2015,fatally shot,8
5/2015,Ben Carson,8
5/2015,San Jose,8
5/2015,New Jersey,6
5/2015,North Korea,6
5/2015,Super Bowl,6
5/2015,United States,5
5/2015,I really,5
5/2015,first time,5
5/2015,Check out,4
5/2015,North Carolina,4
5/2015,I thought,4
5/2015,white people,4
5/2015,Bay Area,4
5/2015,Michelle Obama,4
5/2015,The best,3
5/2015,I believe,3
5/2015,RT MT,2
5/2015,social media,2
5/2015,You know,2
5/2015,Bill Clinton,2
5/2015,wake up,2
5/2015,Donald Trump,2
6/2015,New York,412
6/2015,Supreme Court,303
6/2015,Hillary Clinton,292
6/2015,Islamic State,290
6/2015,I think,169
6/2015,White House,154
6/2015,Donald Trump,148
6/2015,President Obama,143
6/2015,South Carolina,133
6/2015,Michelle Obama,118
6/2015,I want,106
6/2015,New Orleans,102
6/2015,United States,93
6/2015,High School,86
6/2015,I know,83
6/2015,police officer,79
6/2015,first time,73
6/2015,I love,71
6/2015,health care,70
6/2015,Of The,70
6/2015,San Francisco,66
6/2015,I need,65
6/2015,fatally shot,63
6/2015,Wall Street,61
6/2015,In The,50
6/2015,I hope,48
6/2015,North Carolina,46
6/2015,Ted Cruz,46
6/2015,Bay Area,45
6/2015,I see,45
6/2015,found dead,44
6/2015,New Jersey,44
6/2015,high school,42
6/2015,right now,40
6/2015,Los Angeles,40
6/2015,pleads guilty,39
6/2015,I really,38
6/2015,San Jose,37
6/2015,Fox News,37
6/2015,Bernie Sanders,37
6/2015,Check out,35
6/2015,I believe,35
6/2015,social media,32
6/2015,Puerto Rico,31
6/2015,I thought,30
6/2015,Bill Clinton,30
6/2015,white people,29
6/2015,I hate,29
6/2015,I feel,29
6/2015,I guess,28
6/2015,San Diego,27
6/2015,We need,21
6/2015,Man shot,20
6/2015,You know,18
6/2015,RT The,18
6/2015,The best,16
6/2015,I wish,14
6/2015,Ben Carson,10
6/2015,wake up,10
6/2015,black people,9
6/2015,North Korea,9
6/2015,Planned Parenthood,6
6/2015,weight loss,4
6/2015,AP Photo,4
6/2015,RT This,4
6/2015,RT I,3
6/2015,RT MT,2
6/2015,Lives Matter,2
6/2015,Super Bowl,2
7/2015,lose weight,4757
7/2015,I need,1926
7/2015,weight loss,1182
7/2015,good workout,1069
7/2015,go workout,943
7/2015,I want,656
7/2015,I love,500
7/2015,I think,392
7/2015,I feel,374
7/2015,Planned Parenthood,363
7/2015,Donald Trump,362
7/2015,I really,314
7/2015,I hate,280
7/2015,Islamic State,279
7/2015,New York,251
7/2015,I wish,246
7/2015,I know,206
7/2015,I guess,177
7/2015,right now,175
7/2015,White House,161
7/2015,wake up,146
7/2015,South Carolina,137
7/2015,Hillary Clinton,127
7/2015,I thought,89
7/2015,I hope,80
7/2015,The best,77
7/2015,San Francisco,76
7/2015,found dead,70
7/2015,I see,65
7/2015,police officer,63
7/2015,Supreme Court,62
7/2015,President Obama,60
7/2015,You know,60
7/2015,Wall Street,52
7/2015,North Korea,52
7/2015,We need,47
7/2015,first time,47
7/2015,In The,45
7/2015,Los Angeles,35
7/2015,pleads guilty,33
7/2015,Ted Cruz,31
7/2015,I believe,31
7/2015,high school,30
7/2015,United States,30
7/2015,Bernie Sanders,27
7/2015,San Diego,24
7/2015,Fox News,23
7/2015,Check out,22
7/2015,New Jersey,22
7/2015,Man shot,22
7/2015,Ben Carson,20
7/2015,Susan Rice,19
7/2015,Of The,18
7/2015,fatally shot,17
7/2015,Black Lives,16
7/2015,RT I,16
7/2015,New Orleans,15
7/2015,San Jose,14
7/2015,social media,13
7/2015,Lives Matter,13
7/2015,Trump Just,12
7/2015,North Carolina,11
7/2015,High School,11
7/2015,Michelle Obama,10
7/2015,Super Bowl,9
7/2015,health care,8
7/2015,Puerto Rico,8
7/2015,RT The,8
7/2015,RT RT,5
7/2015,white people,4
7/2015,Bay Area,4
7/2015,Bill Clinton,2
8/2015,New York,230
8/2015,Donald Trump,222
8/2015,Islamic State,149
8/2015,I need,128
8/2015,I want,93
8/2015,Hillary Clinton,74
8/2015,good workout,70
8/2015,go workout,67
8/2015,I think,63
8/2015,I love,53
8/2015,police officer,53
8/2015,Planned Parenthood,51
8/2015,North Korea,47
8/2015,found dead,46
8/2015,I hope,42
8/2015,White House,42
8/2015,I know,39
8/2015,high school,35
8/2015,New Orleans,35
8/2015,I feel,34
8/2015,black people,33
8/2015,We need,31
8/2015,pleads guilty,31
8/2015,Fox News,30
8/2015,High School,26
8/2015,right now,26
8/2015,I believe,26
8/2015,wake up,24
8/2015,first time,22
8/2015,fatally shot,22
8/2015,I really,21
8/2015,New Jersey,20
8/2015,Black Lives,18
8/2015,Man shot,16
8/2015,I wish,15
8/2015,I hate,15
8/2015,I guess,14
8/2015,Los Angeles,14
8/2015,South Carolina,14
8/2015,Ted Cruz,13
8/2015,President Obama,13
8/2015,Lives Matter,13
8/2015,social media,11
8/2015,Supreme Court,11
8/2015,In The,10
8/2015,Bernie Sanders,10
8/2015,United States,10
8/2015,I thought,10
8/2015,The best,10
8/2015,San Francisco,9
8/2015,I see,9
8/2015,Puerto Rico,9
8/2015,Of The,9
8/2015,North Carolina,9
8/2015,You know,7
8/2015,lose weight,5
8/2015,Ben Carson,5
8/2015,Bill Clinton,4
8/2015,Wall Street,4
8/2015,San Diego,4
8/2015,Super Bowl,2
8/2015,Check out,2
8/2015,Bay Area,2
9/2015,I want,108
9/2015,Islamic State,102
9/2015,New York,93
9/2015,I think,83
9/2015,Donald Trump,82
9/2015,White House,65
9/2015,Hillary Clinton,57
9/2015,found dead,50
9/2015,I wish,35
9/2015,North Korea,33
9/2015,Supreme Court,32
9/2015,Planned Parenthood,31
9/2015,high school,31
9/2015,AP Photo,28
9/2015,police officer,28
9/2015,I hope,27
9/2015,I hate,26
9/2015,Los Angeles,26
9/2015,fatally shot,21
9/2015,High School,20
9/2015,I know,20
9/2015,pleads guilty,20
9/2015,Wall Street,19
9/2015,Man shot,18
9/2015,South Carolina,17
9/2015,I love,16
9/2015,first time,15
9/2015,Fox News,15
9/2015,We need,14
9/2015,United States,13
9/2015,I thought,13
9/2015,Ben Carson,12
9/2015,Super Bowl,10
9/2015,I need,10
9/2015,I see,10
9/2015,Of The,10
9/2015,I feel,10
9/2015,right now,9
9/2015,New Jersey,9
9/2015,San Francisco,7
9/2015,President Obama,7
9/2015,I guess,7
9/2015,Black Lives,5
9/2015,Lives Matter,4
9/2015,I really,4
9/2015,North Carolina,4
9/2015,black people,4
9/2015,In The,4
9/2015,Ted Cruz,4
9/2015,You know,4
9/2015,I believe,3
9/2015,Check out,2
9/2015,Bernie Sanders,2
9/2015,RT RT,2
9/2015,health care,2
10/2015,AP Photo,211
10/2015,Islamic State,193
10/2015,New York,128
10/2015,Ben Carson,87
10/2015,South Carolina,84
10/2015,Bernie Sanders,73
10/2015,Hillary Clinton,63
10/2015,I know,62
10/2015,I think,53
10/2015,White House,44
10/2015,high school,42
10/2015,police officer,41
10/2015,Donald Trump,35
10/2015,United States,35
10/2015,Los Angeles,34
10/2015,I love,34
10/2015,High School,31
10/2015,Supreme Court,29
10/2015,Wall Street,28
10/2015,I want,28
10/2015,In The,28
10/2015,North Korea,28
10/2015,Planned Parenthood,24
10/2015,I see,23
10/2015,found dead,22
10/2015,I need,21
10/2015,Fox News,19
10/2015,I guess,19
10/2015,pleads guilty,18
10/2015,fatally shot,17
10/2015,I believe,16
10/2015,social media,15
10/2015,President Obama,15
10/2015,New Jersey,15
10/2015,I hope,14
10/2015,first time,13
10/2015,Ted Cruz,12
10/2015,San Francisco,11
10/2015,Man shot,11
10/2015,I feel,10
10/2015,Of The,10
10/2015,We need,9
10/2015,I thought,9
10/2015,Check out,8
10/2015,Puerto Rico,7
10/2015,I really,6
10/2015,Black Lives,6
10/2015,white people,6
10/2015,wake up,5
10/2015,Bill Clinton,5
10/2015,I wish,5
10/2015,health care,4
10/2015,North Carolina,4
10/2015,right now,4
10/2015,I hate,4
10/2015,Lives Matter,4
10/2015,Super Bowl,2
10/2015,New Orleans,2
10/2015,Trump Supporters,2
10/2015,You know,2
10/2015,RT RT,2
10/2015,weight loss,2
11/2015,AP Photo,1416
11/2015,Ben Carson,393
11/2015,Islamic State,272
11/2015,Donald Trump,187
11/2015,New York,165
11/2015,I think,114
11/2015,I want,97
11/2015,White House,96
11/2015,We need,69
11/2015,Hillary Clinton,61
11/2015,I hope,60
11/2015,Bernie Sanders,58
11/2015,pleads guilty,54
11/2015,I hate,51
11/2015,Planned Parenthood,50
11/2015,Wall Street,37
11/2015,Supreme Court,37
11/2015,I wish,35
11/2015,I believe,35
11/2015,North Korea,32
11/2015,police officer,30
11/2015,High School,28
11/2015,I love,24
11/2015,Ted Cruz,24
11/2015,San Francisco,24
11/2015,New Orleans,24
11/2015,first time,23
11/2015,I feel,23
11/2015,black people,22
11/2015,high school,22
11/2015,United States,21
11/2015,I really,21
11/2015,Of The,21
11/2015,I thought,20
11/2015,fatally shot,18
11/2015,I see,16
11/2015,social media,16
11/2015,Black Lives,15
11/2015,You know,15
11/2015,San Diego,14
11/2015,Fox News,14
11/2015,The best,13
11/2015,Man shot,12
11/2015,I need,12
11/2015,Lives Matter,12
11/2015,New Jersey,11
11/2015,Los Angeles,11
11/2015,Puerto Rico,10
11/2015,found dead,10
11/2015,I know,10
11/2015,South Carolina,9
11/2015,In The,9
11/2015,North Carolina,8
11/2015,RT This,6
11/2015,I guess,6
11/2015,RT The,6
11/2015,health care,5
11/2015,Bill Clinton,5
11/2015,wake up,4
11/2015,President Obama,4
11/2015,white people,3
11/2015,RT RT,3
11/2015,weight loss,2
11/2015,Super Bowl,2
11/2015,right now,2
12/2015,New Orleans,628
12/2015,You know,438
12/2015,Donald Trump,330
12/2015,We need,304
12/2015,AP Photo,300
12/2015,Islamic State,257
12/2015,New York,230
12/2015,I think,184
12/2015,Hillary Clinton,184
12/2015,Ted Cruz,128
12/2015,I hope,125
12/2015,White House,101
12/2015,I want,92
12/2015,Planned Parenthood,88
12/2015,Supreme Court,88
12/2015,I know,73
12/2015,I believe,73
12/2015,Bernie Sanders,72
12/2015,Ben Carson,70
12/2015,police officer,70
12/2015,I need,69
12/2015,San Francisco,67
12/2015,Los Angeles,67
12/2015,San Jose,61
12/2015,I see,57
12/2015,Bay Area,56
12/2015,Man shot,55
12/2015,found dead,54
12/2015,I hate,51
12/2015,fatally shot,50
12/2015,social media,47
12/2015,I love,47
12/2015,first time,47
12/2015,San Diego,45
12/2015,Of The,45
12/2015,high school,45
12/2015,Check out,42
12/2015,I feel,42
12/2015,President Obama,41
12/2015,North Korea,40
12/2015,Lives Matter,39
12/2015,Black Lives,39
12/2015,United States,39
12/2015,pleads guilty,39
12/2015,Bill Clinton,35
12/2015,Super Bowl,34
12/2015,Wall Street,32
12/2015,High School,31
12/2015,I guess,31
12/2015,Fox News,31
12/2015,right now,30
12/2015,wake up,30
12/2015,I really,30
12/2015,Puerto Rico,26
12/2015,white people,21
12/2015,black people,21
12/2015,I wish,20
12/2015,New Jersey,20
12/2015,health care,19
12/2015,North Carolina,17
12/2015,South Carolina,16
12/2015,I thought,16
12/2015,RT MT,12
12/2015,The best,12
12/2015,In The,11
12/2015,RT RT,11
12/2015,Trump Supporters,6
12/2015,patriot army,5
12/2015,Michelle Obama,4
12/2015,RT The,2
12/2015,RT This,2
1/2016,New Orleans,469
1/2016,Donald Trump,357
1/2016,Super Bowl,330
1/2016,New York,190
1/2016,Islamic State,188
1/2016,Ted Cruz,184
1/2016,Hillary Clinton,172
1/2016,North Korea,167
1/2016,Bernie Sanders,163
1/2016,San Jose,157
1/2016,Payday Loans,154
1/2016,San Francisco,138
1/2016,White House,124
1/2016,Supreme Court,108
1/2016,San Diego,103
1/2016,Online Payday,103
1/2016,24x7 Online,100
1/2016,I know,99
1/2016,found dead,95
1/2016,Planned Parenthood,94
1/2016,I want,92
1/2016,Loans Approved,90
1/2016,Bay Area,89
1/2016,police officer,85
1/2016,Los Angeles,82
1/2016,I think,77
1/2016,Fox News,74
1/2016,pleads guilty,70
1/2016,High School,62
1/2016,Man shot,62
1/2016,first time,61
1/2016,We need,55
1/2016,health care,54
1/2016,I love,51
1/2016,President Obama,50
1/2016,South Carolina,46
1/2016,I really,41
1/2016,I feel,39
1/2016,fatally shot,39
1/2016,Ben Carson,39
1/2016,Bill Clinton,39
1/2016,New Jersey,35
1/2016,Wall Street,34
1/2016,I guess,34
1/2016,In The,33
1/2016,high school,31
1/2016,social media,29
1/2016,I see,28
1/2016,I need,28
1/2016,Check out,28
1/2016,I believe,27
1/2016,white people,26
1/2016,black people,23
1/2016,I thought,23
1/2016,I hate,22
1/2016,Black Lives,22
1/2016,Lives Matter,21
1/2016,wake up,17
1/2016,RT RT,16
1/2016,I hope,15
1/2016,North Carolina,15
1/2016,I wish,14
1/2016,Of The,12
1/2016,AP Photo,11
1/2016,RT The,11
1/2016,The best,11
1/2016,You know,9
1/2016,right now,9
1/2016,United States,9
1/2016,Puerto Rico,7
1/2016,patriot army,6
1/2016,weight loss,3
1/2016,RT This,2
2/2016,Payday Loans,1662
2/2016,Online Payday,1116
2/2016,24x7 Online,1063
2/2016,Loans Approved,950
2/2016,RT MT,735
2/2016,Super Bowl,679
2/2016,Donald Trump,498
2/2016,Hillary Clinton,296
2/2016,Ted Cruz,295
2/2016,Supreme Court,294
2/2016,New Orleans,290
2/2016,Bernie Sanders,285
2/2016,South Carolina,243
2/2016,San Jose,184
2/2016,Islamic State,152
2/2016,I think,149
2/2016,North Korea,146
2/2016,RT The,141
2/2016,San Francisco,137
2/2016,White House,131
2/2016,New York,105
2/2016,black people,102
2/2016,police officer,93
2/2016,Bay Area,92
2/2016,Planned Parenthood,91
2/2016,found dead,83
2/2016,white people,79
2/2016,pleads guilty,79
2/2016,RT I,76
2/2016,I want,74
2/2016,Man shot,72
2/2016,fatally shot,72
2/2016,We need,70
2/2016,Ben Carson,70
2/2016,I love,67
2/2016,Black Lives,67
2/2016,High School,65
2/2016,I know,64
2/2016,United States,60
2/2016,I believe,58
2/2016,RT This,58
2/2016,Los Angeles,58
2/2016,high school,53
2/2016,Lives Matter,52
2/2016,In The,51
2/2016,San Diego,50
2/2016,Wall Street,48
2/2016,RT Trump,46
2/2016,I feel,38
2/2016,I need,37
2/2016,RT RT,37
2/2016,I hate,36
2/2016,President Obama,36
2/2016,Bill Clinton,35
2/2016,I wish,35
2/2016,social media,35
2/2016,North Carolina,34
2/2016,I see,32
2/2016,right now,32
2/2016,first time,30
2/2016,New Jersey,30
2/2016,I thought,29
2/2016,Of The,25
2/2016,The best,25
2/2016,I hope,24
2/2016,health care,24
2/2016,I guess,24
2/2016,I really,20
2/2016,wake up,17
2/2016,Puerto Rico,15
2/2016,Check out,15
2/2016,Michelle Obama,8
2/2016,Fox News,7
2/2016,Mad Max,4
2/2016,lose weight,4
2/2016,You know,4
2/2016,weight loss,2
2/2016,Jeff Sessions,2
2/2016,President Trump,2
3/2016,Donald Trump,469
3/2016,Supreme Court,281
3/2016,RT MT,241
3/2016,Islamic State,219
3/2016,Ted Cruz,218
3/2016,New Orleans,216
3/2016,Bernie Sanders,214
3/2016,Hillary Clinton,194
3/2016,North Korea,175
3/2016,San Francisco,160
3/2016,San Jose,149
3/2016,New York,138
3/2016,White House,120
3/2016,We need,108
3/2016,I know,98
3/2016,I love,89
3/2016,I think,85
3/2016,police officer,84
3/2016,black people,81
3/2016,Bay Area,81
3/2016,San Diego,80
3/2016,pleads guilty,76
3/2016,I want,76
3/2016,I see,68
3/2016,Payday Loans,68
3/2016,fatally shot,61
3/2016,social media,60
3/2016,North Carolina,59
3/2016,I hope,54
3/2016,High School,51
3/2016,found dead,51
3/2016,Ben Carson,51
3/2016,high school,51
3/2016,right now,46
3/2016,United States,41
3/2016,Online Payday,41
3/2016,Man shot,41
3/2016,24x7 Online,40
3/2016,Los Angeles,38
3/2016,Loans Approved,36
3/2016,Bill Clinton,34
3/2016,President Obama,34
3/2016,RT This,33
3/2016,white people,31
3/2016,Puerto Rico,31
3/2016,health care,31
3/2016,I believe,30
3/2016,Super Bowl,29
3/2016,I hate,29
3/2016,RT I,28
3/2016,wake up,28
3/2016,Planned Parenthood,27
3/2016,I feel,27
3/2016,South Carolina,26
3/2016,I really,25
3/2016,You know,24
3/2016,I guess,23
3/2016,Wall Street,22
3/2016,RT The,22
3/2016,In The,22
3/2016,New Jersey,21
3/2016,first time,20
3/2016,Fox News,19
3/2016,Of The,19
3/2016,I wish,17
3/2016,Black Lives,17
3/2016,Check out,16
3/2016,The best,16
3/2016,Lives Matter,16
3/2016,I need,15
3/2016,RT RT,11
3/2016,Michelle Obama,9
3/2016,I thought,6
3/2016,Against Trump,3
3/2016,RT Trump,3
3/2016,lose weight,2
3/2016,weight loss,2
3/2016,IS CNN,2
3/2016,Trump Supporters,2
4/2016,Donald Trump,260
4/2016,New York,240
4/2016,San Francisco,228
4/2016,Bernie Sanders,197
4/2016,San Jose,157
4/2016,New Orleans,149
4/2016,Hillary Clinton,148
4/2016,Ted Cruz,143
4/2016,Islamic State,141
4/2016,White House,130
4/2016,North Carolina,112
4/2016,Supreme Court,110
4/2016,I want,100
4/2016,Bay Area,97
4/2016,North Korea,96
4/2016,I think,93
4/2016,found dead,82
4/2016,San Diego,76
4/2016,I know,73
4/2016,high school,61
4/2016,white people,54
4/2016,Los Angeles,54
4/2016,first time,53
4/2016,I need,51
4/2016,police officer,47
4/2016,I love,46
4/2016,black people,46
4/2016,pleads guilty,44
4/2016,fatally shot,43
4/2016,Wall Street,41
4/2016,High School,41
4/2016,We need,38
4/2016,Black Lives,37
4/2016,Lives Matter,35
4/2016,Bill Clinton,34
4/2016,Man shot,33
4/2016,Puerto Rico,33
4/2016,In The,32
4/2016,I hope,32
4/2016,I see,31
4/2016,social media,29
4/2016,I hate,28
4/2016,South Carolina,26
4/2016,I feel,24
4/2016,I guess,24
4/2016,President Obama,22
4/2016,You know,22
4/2016,Fox News,21
4/2016,I thought,18
4/2016,New Jersey,17
4/2016,wake up,17
4/2016,Planned Parenthood,15
4/2016,health care,14
4/2016,Michelle Obama,14
4/2016,Of The,14
4/2016,I wish,13
4/2016,I believe,13
4/2016,I really,12
4/2016,United States,9
4/2016,RT RT,8
4/2016,Check out,7
4/2016,right now,5
4/2016,Ben Carson,5
4/2016,Trump Supporters,4
4/2016,RT I,2
4/2016,Trump Just,2
5/2016,RT MT,478
5/2016,Donald Trump,379
5/2016,Bernie Sanders,214
5/2016,Hillary Clinton,212
5/2016,Islamic State,203
5/2016,San Jose,180
5/2016,White House,158
5/2016,Supreme Court,149
5/2016,I love,147
5/2016,I think,130
5/2016,San Francisco,123
5/2016,I know,119
5/2016,Bay Area,115
5/2016,San Diego,113
5/2016,New York,111
5/2016,North Korea,99
5/2016,I want,94
5/2016,Puerto Rico,92
5/2016,We need,92
5/2016,high school,71
5/2016,Ted Cruz,71
5/2016,black people,70
5/2016,police officer,69
5/2016,Los Angeles,68
5/2016,New Orleans,66
5/2016,right now,62
5/2016,RT The,61
5/2016,South Carolina,59
5/2016,North Carolina,54
5/2016,I wish,53
5/2016,High School,52
5/2016,Bill Clinton,51
5/2016,In The,49
5/2016,Wall Street,49
5/2016,Man shot,43
5/2016,RT I,42
5/2016,fatally shot,41
5/2016,pleads guilty,41
5/2016,I need,40
5/2016,I believe,39
5/2016,New Jersey,39
5/2016,Super Bowl,38
5/2016,I see,37
5/2016,white people,37
5/2016,Planned Parenthood,35
5/2016,first time,35
5/2016,I guess,34
5/2016,I really,34
5/2016,Fox News,33
5/2016,Check out,32
5/2016,Of The,32
5/2016,Black Lives,30
5/2016,You know,29
5/2016,found dead,28
5/2016,RT RT,28
5/2016,I hope,28
5/2016,wake up,26
5/2016,Lives Matter,24
5/2016,I hate,21
5/2016,United States,21
5/2016,social media,18
5/2016,The best,17
5/2016,I thought,16
5/2016,Ben Carson,15
5/2016,RT Trump,15
5/2016,RT This,14
5/2016,I feel,14
5/2016,health care,13
5/2016,President Obama,13
5/2016,Michelle Obama,8
5/2016,Trump Supporters,8
5/2016,President Trump,8
5/2016,weight loss,2
5/2016,lose weight,2
6/2016,Donald Trump,280
6/2016,Hillary Clinton,258
6/2016,Islamic State,194
6/2016,I love,194
6/2016,San Jose,189
6/2016,Supreme Court,182
6/2016,I want,177
6/2016,I thought,149
6/2016,I think,142
6/2016,New York,127
6/2016,I know,127
6/2016,Bay Area,103
6/2016,I need,101
6/2016,White House,97
6/2016,Bernie Sanders,96
6/2016,San Francisco,82
6/2016,We need,64
6/2016,Puerto Rico,63
6/2016,San Diego,62
6/2016,I really,62
6/2016,RT I,60
6/2016,I hate,58
6/2016,black people,56
6/2016,I feel,55
6/2016,high school,54
6/2016,North Korea,53
6/2016,I believe,53
6/2016,You know,50
6/2016,I see,46
6/2016,RT The,45
6/2016,white people,44
6/2016,Super Bowl,43
6/2016,pleads guilty,42
6/2016,Check out,41
6/2016,United States,41
6/2016,I guess,40
6/2016,social media,38
6/2016,fatally shot,37
6/2016,first time,37
6/2016,police officer,36
6/2016,I wish,35
6/2016,Los Angeles,32
6/2016,found dead,32
6/2016,wake up,31
6/2016,Black Lives,26
6/2016,Wall Street,26
6/2016,High School,26
6/2016,President Obama,26
6/2016,I hope,25
6/2016,right now,24
6/2016,New Jersey,22
6/2016,Man shot,22
6/2016,Lives Matter,21
6/2016,Bill Clinton,21
6/2016,In The,20
6/2016,Of The,17
6/2016,RT This,16
6/2016,RT Trump,15
6/2016,The best,14
6/2016,RT RT,14
6/2016,North Carolina,13
6/2016,health care,12
6/2016,New Orleans,10
6/2016,Fox News,10
6/2016,Planned Parenthood,7
6/2016,Michelle Obama,6
6/2016,South Carolina,5
6/2016,President Trump,4
6/2016,lose weight,2
6/2016,weight loss,2
6/2016,Against Trump,2
6/2016,Trump Supporters,2
7/2016,I hate,342
7/2016,Hillary Clinton,306
7/2016,Donald Trump,269
7/2016,Islamic State,149
7/2016,Black Lives,135
7/2016,I think,123
7/2016,I know,121
7/2016,Lives Matter,120
7/2016,San Jose,101
7/2016,black people,99
7/2016,Bernie Sanders,97
7/2016,New York,88
7/2016,I want,85
7/2016,San Diego,83
7/2016,I love,74
7/2016,We need,73
7/2016,police officer,72
7/2016,White House,65
7/2016,North Korea,65
7/2016,I need,65
7/2016,Bay Area,58
7/2016,I thought,57
7/2016,I hope,52
7/2016,Bill Clinton,51
7/2016,social media,46
7/2016,I really,45
7/2016,white people,43
7/2016,I see,43
7/2016,I feel,42
7/2016,I believe,41
7/2016,Ted Cruz,41
7/2016,Fox News,33
7/2016,San Francisco,33
7/2016,Los Angeles,32
7/2016,Wall Street,31
7/2016,In The,31
7/2016,found dead,28
7/2016,Michelle Obama,28
7/2016,Of The,26
7/2016,pleads guilty,26
7/2016,I guess,25
7/2016,New Orleans,24
7/2016,North Carolina,24
7/2016,Supreme Court,24
7/2016,Planned Parenthood,22
7/2016,United States,20
7/2016,Check out,18
7/2016,I wish,18
7/2016,RT I,18
7/2016,fatally shot,17
7/2016,President Obama,17
7/2016,high school,15
7/2016,New Jersey,15
7/2016,Man shot,14
7/2016,first time,13
7/2016,The best,9
7/2016,High School,9
7/2016,You know,9
7/2016,South Carolina,8
7/2016,health care,8
7/2016,wake up,7
7/2016,right now,6
7/2016,Puerto Rico,2
7/2016,Mad Max,2
8/2016,Donald Trump,423
8/2016,I think,422
8/2016,I see,320
8/2016,Hillary Clinton,279
8/2016,Islamic State,196
8/2016,wake up,162
8/2016,I want,153
8/2016,I know,138
8/2016,I love,127
8/2016,White House,103
8/2016,New York,102
8/2016,New Orleans,98
8/2016,white people,97
8/2016,I need,90
8/2016,I hate,89
8/2016,Lives Matter,84
8/2016,Black Lives,77
8/2016,United States,68
8/2016,I really,68
8/2016,North Korea,67
8/2016,black people,66
8/2016,We need,58
8/2016,Bill Clinton,52
8/2016,I thought,47
8/2016,North Carolina,46
8/2016,police officer,44
8/2016,San Jose,44
8/2016,high school,44
8/2016,social media,43
8/2016,San Francisco,43
8/2016,I feel,43
8/2016,In The,42
8/2016,found dead,41
8/2016,You know,40
8/2016,fatally shot,39
8/2016,I wish,39
8/2016,Man shot,34
8/2016,I hope,31
8/2016,right now,31
8/2016,I guess,30
8/2016,Bay Area,28
8/2016,Los Angeles,27
8/2016,Supreme Court,27
8/2016,New Jersey,26
8/2016,first time,26
8/2016,I believe,25
8/2016,High School,24
8/2016,The best,23
8/2016,pleads guilty,22
8/2016,Of The,22
8/2016,RT I,19
8/2016,President Obama,15
8/2016,Wall Street,15
8/2016,RT MT,14
8/2016,San Diego,13
8/2016,Puerto Rico,12
8/2016,Fox News,11
8/2016,Michelle Obama,9
8/2016,South Carolina,9
8/2016,Super Bowl,9
8/2016,Bernie Sanders,8
8/2016,Ben Carson,8
8/2016,RT The,8
8/2016,Check out,7
8/2016,RT RT,4
8/2016,President Trump,3
8/2016,Ted Cruz,2
9/2016,Hillary Clinton,905
9/2016,Donald Trump,695
9/2016,New York,327
9/2016,I think,219
9/2016,New Orleans,185
9/2016,I want,165
9/2016,New Jersey,141
9/2016,I know,137
9/2016,I love,136
9/2016,White House,134
9/2016,We need,126
9/2016,Bill Clinton,125
9/2016,Black Lives,106
9/2016,Islamic State,104
9/2016,police officer,98
9/2016,I hope,90
9/2016,I thought,90
9/2016,Supreme Court,89
9/2016,Check out,89
9/2016,I need,85
9/2016,North Korea,85
9/2016,high school,80
9/2016,Lives Matter,80
9/2016,Of The,75
9/2016,found dead,74
9/2016,North Carolina,73
9/2016,I believe,70
9/2016,black people,69
9/2016,United States,68
9/2016,Michelle Obama,66
9/2016,San Francisco,65
9/2016,I see,64
9/2016,President Obama,61
9/2016,I feel,58
9/2016,Man shot,58
9/2016,Ted Cruz,58
9/2016,South Carolina,57
9/2016,Fox News,56
9/2016,I guess,52
9/2016,social media,52
9/2016,pleads guilty,50
9/2016,High School,49
9/2016,fatally shot,48
9/2016,In The,47
9/2016,You know,45
9/2016,I hate,42
9/2016,Bernie Sanders,41
9/2016,first time,38
9/2016,San Jose,36
9/2016,white people,34
9/2016,The best,34
9/2016,I really,33
9/2016,patriot army,32
9/2016,Los Angeles,32
9/2016,wake up,31
9/2016,Trump Supporters,29
9/2016,San Diego,28
9/2016,I wish,27
9/2016,Wall Street,27
9/2016,Super Bowl,26
9/2016,Bay Area,25
9/2016,right now,19
9/2016,Planned Parenthood,16
9/2016,health care,14
9/2016,RT The,12
9/2016,Ben Carson,11
9/2016,RT I,10
9/2016,Puerto Rico,6
9/2016,RT RT,5
9/2016,weight loss,3
9/2016,RT Trump,3
9/2016,President Trump,2
9/2016,RT This,2
9/2016,Trump Just,2
10/2016,Donald Trump,839
10/2016,Hillary Clinton,812
10/2016,I think,332
10/2016,Check out,320
10/2016,Bill Clinton,252
10/2016,I know,251
10/2016,I love,226
10/2016,New York,211
10/2016,I need,175
10/2016,I want,171
10/2016,White House,154
10/2016,San Francisco,149
10/2016,I hope,128
10/2016,Islamic State,124
10/2016,North Carolina,124
10/2016,We need,118
10/2016,In The,116
10/2016,Supreme Court,116
10/2016,Black Lives,108
10/2016,right now,105
10/2016,Of The,105
10/2016,social media,105
10/2016,Lives Matter,102
10/2016,I see,100
10/2016,United States,99
10/2016,I hate,89
10/2016,Michelle Obama,89
10/2016,high school,85
10/2016,You know,83
10/2016,I feel,79
10/2016,Los Angeles,79
10/2016,I believe,79
10/2016,black people,78
10/2016,I guess,77
10/2016,I really,77
10/2016,Fox News,76
10/2016,President Obama,73
10/2016,first time,73
10/2016,white people,71
10/2016,police officer,68
10/2016,New Orleans,67
10/2016,I wish,65
10/2016,I thought,64
10/2016,Wall Street,64
10/2016,New Jersey,61
10/2016,wake up,61
10/2016,fatally shot,59
10/2016,South Carolina,58
10/2016,Bay Area,51
10/2016,High School,48
10/2016,Man shot,46
10/2016,found dead,44
10/2016,pleads guilty,41
10/2016,San Diego,41
10/2016,Bernie Sanders,39
10/2016,Planned Parenthood,36
10/2016,San Jose,35
10/2016,Trump Supporters,31
10/2016,patriot army,28
10/2016,The best,27
10/2016,Ben Carson,24
10/2016,North Korea,24
10/2016,Ted Cruz,20
10/2016,click here,17
10/2016,RT RT,16
10/2016,RT I,16
10/2016,RT The,16
10/2016,Trump Just,16
10/2016,health care,15
10/2016,Look What,8
10/2016,President Trump,6
10/2016,AP Photo,5
10/2016,Puerto Rico,5
10/2016,RT This,5
10/2016,BREAKING VIDEO,2
10/2016,Against Trump,2
10/2016,Super Bowl,2
10/2016,Jeff Sessions,2
11/2016,Donald Trump,682
11/2016,Hillary Clinton,449
11/2016,I think,271
11/2016,White House,236
11/2016,I want,231
11/2016,I know,226
11/2016,I love,221
11/2016,I need,182
11/2016,New York,177
11/2016,Check out,168
11/2016,I hope,160
11/2016,New Orleans,156
11/2016,right now,105
11/2016,white people,97
11/2016,I really,96
11/2016,Fox News,89
11/2016,I feel,89
11/2016,In The,88
11/2016,Of The,83
11/2016,I see,79
11/2016,black people,75
11/2016,We need,74
11/2016,I thought,71
11/2016,social media,66
11/2016,I hate,65
11/2016,Bernie Sanders,65
11/2016,United States,64
11/2016,President Obama,64
11/2016,Jeff Sessions,62
11/2016,Black Lives,62
11/2016,Lives Matter,61
11/2016,I believe,60
11/2016,I wish,58
11/2016,police officer,57
11/2016,first time,56
11/2016,Supreme Court,55
11/2016,North Carolina,52
11/2016,wake up,52
11/2016,High School,51
11/2016,Michelle Obama,50
11/2016,I guess,49
11/2016,Bill Clinton,49
11/2016,high school,47
11/2016,You know,47
11/2016,Trump Supporters,47
11/2016,President Trump,47
11/2016,Wall Street,43
11/2016,Los Angeles,41
11/2016,San Francisco,36
11/2016,Islamic State,35
11/2016,Ted Cruz,35
11/2016,fatally shot,34
11/2016,found dead,33
11/2016,Ben Carson,31
11/2016,patriot army,27
11/2016,San Jose,27
11/2016,RT RT,26
11/2016,health care,25
11/2016,Bay Area,25
11/2016,The best,24
11/2016,New Jersey,22
11/2016,Man shot,21
11/2016,San Diego,20
11/2016,Fake News,18
11/2016,pleads guilty,18
11/2016,RT I,15
11/2016,Planned Parenthood,15
11/2016,BREAKING VIDEO,13
11/2016,Look What,12
11/2016,Trump Just,11
11/2016,South Carolina,9
11/2016,click here,9
11/2016,Against Trump,8
11/2016,North Korea,8
11/2016,RT The,8
11/2016,Super Bowl,6
11/2016,Puerto Rico,4
11/2016,AP Photo,2
12/2016,Donald Trump,669
12/2016,I love,599
12/2016,Check out,356
12/2016,I hate,355
12/2016,I think,276
12/2016,New Orleans,240
12/2016,White House,238
12/2016,I know,221
12/2016,New York,216
12/2016,I want,198
12/2016,I need,196
12/2016,Hillary Clinton,192
12/2016,Of The,171
12/2016,In The,160
12/2016,I hope,121
12/2016,I see,111
12/2016,President Obama,111
12/2016,found dead,106
12/2016,first time,103
12/2016,United States,102
12/2016,I feel,95
12/2016,San Francisco,94
12/2016,Ben Carson,92
12/2016,Supreme Court,88
12/2016,police officer,88
12/2016,Michelle Obama,88
12/2016,We need,87
12/2016,North Carolina,86
12/2016,I wish,81
12/2016,social media,80
12/2016,Fake News,77
12/2016,high school,76
12/2016,wake up,76
12/2016,white people,73
12/2016,right now,72
12/2016,San Diego,69
12/2016,I really,66
12/2016,I believe,65
12/2016,black people,65
12/2016,Bernie Sanders,64
12/2016,Black Lives,63
12/2016,Man shot,61
12/2016,You know,61
12/2016,I thought,58
12/2016,Lives Matter,57
12/2016,San Jose,56
12/2016,I guess,56
12/2016,Fox News,54
12/2016,fatally shot,54
12/2016,Bill Clinton,53
12/2016,President Trump,50
12/2016,The best,46
12/2016,patriot army,46
12/2016,High School,45
12/2016,Bay Area,44
12/2016,Planned Parenthood,43
12/2016,Puerto Rico,42
12/2016,Los Angeles,40
12/2016,New Jersey,40
12/2016,Islamic State,39
12/2016,Trump Supporters,35
12/2016,pleads guilty,35
12/2016,Against Trump,34
12/2016,health care,24
12/2016,Ted Cruz,23
12/2016,South Carolina,21
12/2016,Wall Street,19
12/2016,Trump Just,19
12/2016,RT This,13
12/2016,Jeff Sessions,13
12/2016,RT The,12
12/2016,RT I,11
12/2016,BREAKING VIDEO,11
12/2016,RT RT,9
12/2016,North Korea,8
12/2016,Super Bowl,7
12/2016,click here,5
12/2016,AP Photo,2
12/2016,Look What,2
12/2016,weight loss,2
1/2017,Donald Trump,741
1/2017,White House,409
1/2017,President Trump,326
1/2017,I think,251
1/2017,New Orleans,245
1/2017,I want,224
1/2017,Check out,217
1/2017,I know,196
1/2017,I need,176
1/2017,I love,166
1/2017,New York,160
1/2017,Of The,149
1/2017,In The,149
1/2017,Jeff Sessions,144
1/2017,Super Bowl,144
1/2017,Supreme Court,134
1/2017,San Diego,131
1/2017,I hope,126
1/2017,President Obama,114
1/2017,United States,109
1/2017,Hillary Clinton,105
1/2017,BREAKING VIDEO,100
1/2017,Fox News,99
1/2017,I see,99
1/2017,white people,94
1/2017,San Francisco,91
1/2017,Man shot,85
1/2017,police officer,84
1/2017,found dead,82
1/2017,High School,79
1/2017,Planned Parenthood,78
1/2017,Los Angeles,78
1/2017,right now,77
1/2017,social media,76
1/2017,We need,74
1/2017,Bay Area,71
1/2017,I believe,69
1/2017,pleads guilty,66
1/2017,Michelle Obama,65
1/2017,click here,65
1/2017,wake up,64
1/2017,Fake News,62
1/2017,health care,62
1/2017,I hate,61
1/2017,Bernie Sanders,59
1/2017,black people,58
1/2017,I thought,57
1/2017,first time,57
1/2017,I feel,54
1/2017,I really,51
1/2017,high school,50
1/2017,You know,48
1/2017,Black Lives,46
1/2017,Ted Cruz,46
1/2017,fatally shot,45
1/2017,Lives Matter,44
1/2017,I guess,43
1/2017,patriot army,37
1/2017,Trump Just,36
1/2017,Islamic State,36
1/2017,The best,35
1/2017,Ben Carson,35
1/2017,Bill Clinton,33
1/2017,I wish,33
1/2017,Trump Supporters,32
1/2017,New Jersey,30
1/2017,San Jose,30
1/2017,Against Trump,29
1/2017,RT RT,28
1/2017,North Korea,25
1/2017,Wall Street,22
1/2017,RT I,16
1/2017,North Carolina,16
1/2017,RT The,13
1/2017,South Carolina,9
1/2017,Look What,8
1/2017,RT This,4
1/2017,Mad Max,4
1/2017,Look Who,3
1/2017,weight loss,2
1/2017,Puerto Rico,2
2/2017,White House,476
2/2017,Donald Trump,446
2/2017,Super Bowl,434
2/2017,President Trump,387
2/2017,click here,310
2/2017,New Orleans,218
2/2017,Supreme Court,201
2/2017,New York,196
2/2017,The best,171
2/2017,Check out,161
2/2017,I think,141
2/2017,I know,135
2/2017,I love,124
2/2017,Jeff Sessions,110
2/2017,Of The,108
2/2017,I want,106
2/2017,In The,101
2/2017,BREAKING VIDEO,100
2/2017,police officer,82
2/2017,Fox News,80
2/2017,I need,79
2/2017,We need,75
2/2017,High School,75
2/2017,pleads guilty,75
2/2017,United States,72
2/2017,San Diego,71
2/2017,Fake News,69
2/2017,Hillary Clinton,65
2/2017,Bernie Sanders,65
2/2017,right now,61
2/2017,Planned Parenthood,60
2/2017,found dead,58
2/2017,I hope,57
2/2017,San Jose,56
2/2017,San Francisco,55
2/2017,I see,55
2/2017,I feel,55
2/2017,Trump Just,53
2/2017,North Korea,53
2/2017,Man shot,53
2/2017,Los Angeles,52
2/2017,I believe,51
2/2017,Ted Cruz,50
2/2017,white people,48
2/2017,fatally shot,47
2/2017,I thought,46
2/2017,high school,45
2/2017,black people,43
2/2017,health care,41
2/2017,social media,40
2/2017,I guess,38
2/2017,You know,37
2/2017,New Jersey,36
2/2017,Trump Supporters,32
2/2017,I hate,31
2/2017,Bay Area,31
2/2017,first time,30
2/2017,Lives Matter,29
2/2017,Black Lives,28
2/2017,I really,27
2/2017,patriot army,25
2/2017,Wall Street,25
2/2017,wake up,23
2/2017,I wish,22
2/2017,Islamic State,20
2/2017,President Obama,20
2/2017,Bill Clinton,16
2/2017,North Carolina,15
2/2017,Against Trump,14
2/2017,RT RT,13
2/2017,South Carolina,12
2/2017,Michelle Obama,12
2/2017,RT I,7
2/2017,RT The,5
2/2017,Ben Carson,4
2/2017,Look What,4
2/2017,RT Trump,2
2/2017,RT This,2
3/2017,click here,479
3/2017,White House,416
3/2017,Donald Trump,368
3/2017,President Trump,264
3/2017,health care,246
3/2017,New Orleans,206
3/2017,New York,203
3/2017,Jeff Sessions,196
3/2017,The best,189
3/2017,Check out,176
3/2017,I think,164
3/2017,Supreme Court,147
3/2017,Hillary Clinton,145
3/2017,I know,143
3/2017,In The,126
3/2017,Of The,118
3/2017,I love,117
3/2017,San Francisco,117
3/2017,I want,112
3/2017,High School,104
3/2017,We need,104
3/2017,Fox News,100
3/2017,San Diego,99
3/2017,Planned Parenthood,82
3/2017,found dead,80
3/2017,police officer,77
3/2017,social media,76
3/2017,I need,75
3/2017,right now,75
3/2017,Man shot,71
3/2017,high school,70
3/2017,I hope,66
3/2017,San Jose,65
3/2017,Los Angeles,64
3/2017,Ben Carson,63
3/2017,North Korea,61
3/2017,United States,60
3/2017,pleads guilty,58
3/2017,I believe,55
3/2017,I see,54
3/2017,Wall Street,54
3/2017,I guess,52
3/2017,New Jersey,51
3/2017,Fake News,47
3/2017,black people,46
3/2017,Bay Area,45
3/2017,first time,45
3/2017,I really,44
3/2017,white people,43
3/2017,Trump Just,42
3/2017,fatally shot,40
3/2017,I feel,38
3/2017,BREAKING VIDEO,38
3/2017,Bernie Sanders,35
3/2017,North Carolina,34
3/2017,I wish,33
3/2017,President Obama,33
3/2017,I thought,33
3/2017,You know,32
3/2017,Bill Clinton,32
3/2017,I hate,32
3/2017,wake up,30
3/2017,patriot army,30
3/2017,Trump Supporters,22
3/2017,Islamic State,21
3/2017,South Carolina,21
3/2017,Ted Cruz,18
3/2017,Black Lives,17
3/2017,RT RT,17
3/2017,Against Trump,16
3/2017,Michelle Obama,16
3/2017,Lives Matter,14
3/2017,Puerto Rico,11
3/2017,Super Bowl,11
3/2017,RT I,5
3/2017,RT This,4
3/2017,RT The,3
3/2017,weight loss,2
4/2017,click here,430
4/2017,North Korea,394
4/2017,White House,393
4/2017,Donald Trump,336
4/2017,President Trump,274
4/2017,New Orleans,267
4/2017,Susan Rice,264
4/2017,Check out,254
4/2017,New York,237
4/2017,I think,189
4/2017,The best,185
4/2017,Fox News,178
4/2017,Supreme Court,163
4/2017,I know,135
4/2017,I want,126
4/2017,In The,121
4/2017,Of The,120
4/2017,I love,116
4/2017,found dead,108
4/2017,San Diego,101
4/2017,health care,100
4/2017,I need,95
4/2017,San Francisco,90
4/2017,Hillary Clinton,90
4/2017,I hope,88
4/2017,United States,87
4/2017,High School,85
4/2017,Jeff Sessions,83
4/2017,social media,80
4/2017,We need,78
4/2017,Los Angeles,78
4/2017,high school,78
4/2017,police officer,71
4/2017,pleads guilty,71
4/2017,Wall Street,69
4/2017,right now,67
4/2017,I see,64
4/2017,North Carolina,64
4/2017,BREAKING VIDEO,64
4/2017,Planned Parenthood,59
4/2017,I really,56
4/2017,Bernie Sanders,55
4/2017,I wish,53
4/2017,black people,52
4/2017,San Jose,52
4/2017,Bay Area,52
4/2017,Trump Just,50
4/2017,first time,48
4/2017,fatally shot,48
4/2017,You know,47
4/2017,I feel,46
4/2017,white people,45
4/2017,I guess,44
4/2017,I hate,43
4/2017,Man shot,42
4/2017,New Jersey,42
4/2017,I believe,42
4/2017,I thought,42
4/2017,Black Lives,41
4/2017,Fake News,40
4/2017,Lives Matter,40
4/2017,patriot army,37
4/2017,Ben Carson,37
4/2017,Bill Clinton,36
4/2017,Trump Supporters,34
4/2017,Islamic State,30
4/2017,Michelle Obama,30
4/2017,South Carolina,29
4/2017,Ted Cruz,25
4/2017,wake up,23
4/2017,President Obama,21
4/2017,RT I,13
4/2017,RT The,8
4/2017,Super Bowl,5
4/2017,Against Trump,3
4/2017,Look Who,3
4/2017,Puerto Rico,2
4/2017,lose weight,2
5/2017,New Orleans,229
5/2017,Donald Trump,186
5/2017,White House,181
5/2017,President Trump,145
5/2017,health care,143
5/2017,San Diego,134
5/2017,New York,114
5/2017,High School,111
5/2017,Fox News,105
5/2017,Hillary Clinton,87
5/2017,San Francisco,85
5/2017,police officer,76
5/2017,North Korea,76
5/2017,found dead,66
5/2017,San Jose,58
5/2017,pleads guilty,58
5/2017,fatally shot,58
5/2017,high school,57
5/2017,click here,56
5/2017,Los Angeles,55
5/2017,Man shot,55
5/2017,New Jersey,54
5/2017,Supreme Court,42
5/2017,Bay Area,41
5/2017,Check out,40
5/2017,I love,39
5/2017,In The,38
5/2017,Planned Parenthood,36
5/2017,I think,34
5/2017,social media,31
5/2017,first time,30
5/2017,We need,29
5/2017,I want,29
5/2017,Fake News,28
5/2017,Of The,27
5/2017,Susan Rice,26
5/2017,Lives Matter,24
5/2017,I hope,24
5/2017,Black Lives,23
5/2017,I know,21
5/2017,white people,20
5/2017,North Carolina,20
5/2017,black people,20
5/2017,Michelle Obama,18
5/2017,I need,16
5/2017,Trump Supporters,15
5/2017,BREAKING VIDEO,15
5/2017,Trump Just,15
5/2017,Islamic State,14
5/2017,right now,14
5/2017,Against Trump,13
5/2017,Jeff Sessions,12
5/2017,Bernie Sanders,12
5/2017,Wall Street,10
5/2017,Bill Clinton,9
5/2017,South Carolina,9
5/2017,I see,8
5/2017,United States,8
5/2017,I wish,8
5/2017,Ben Carson,7
5/2017,I thought,7
5/2017,I guess,7
5/2017,Ted Cruz,7
5/2017,Look What,6
5/2017,wake up,6
5/2017,Puerto Rico,5
5/2017,The best,5
5/2017,Mad Max,5
5/2017,I believe,5
5/2017,You know,5
5/2017,I really,3
5/2017,Super Bowl,3
5/2017,RT I,2
5/2017,I hate,2
5/2017,RT Trump,2
5/2017,I feel,2
6/2017,Donald Trump,302
6/2017,President Trump,238
6/2017,White House,205
6/2017,New Orleans,170
6/2017,Jeff Sessions,146
6/2017,New York,119
6/2017,Supreme Court,118
6/2017,San Francisco,100
6/2017,North Korea,94
6/2017,High School,91
6/2017,Bernie Sanders,91
6/2017,health care,90
6/2017,San Diego,88
6/2017,Trump Supporters,81
6/2017,high school,72
6/2017,Hillary Clinton,65
6/2017,found dead,64
6/2017,Against Trump,56
6/2017,New Jersey,56
6/2017,Fake News,53
6/2017,Man shot,49
6/2017,police officer,47
6/2017,Bay Area,47
6/2017,Los Angeles,47
6/2017,fatally shot,46
6/2017,San Jose,42
6/2017,pleads guilty,41
6/2017,BREAKING VIDEO,41
6/2017,Fox News,40
6/2017,Mad Max,40
6/2017,Bill Clinton,38
6/2017,South Carolina,32
6/2017,Planned Parenthood,32
6/2017,social media,30
6/2017,Black Lives,29
6/2017,Lives Matter,28
6/2017,Of The,26
6/2017,Michelle Obama,24
6/2017,In The,21
6/2017,first time,19
6/2017,United States,19
6/2017,Ted Cruz,17
6/2017,I love,15
6/2017,The best,12
6/2017,North Carolina,12
6/2017,I think,11
6/2017,Look Who,11
6/2017,black people,10
6/2017,I want,10
6/2017,I know,9
6/2017,We need,8
6/2017,Islamic State,7
6/2017,Puerto Rico,7
6/2017,wake up,7
6/2017,Look What,7
6/2017,white people,5
6/2017,Susan Rice,5
6/2017,Check out,5
6/2017,I hope,5
6/2017,Wall Street,4
6/2017,Look Which,3
6/2017,President Obama,3
6/2017,I believe,2
6/2017,right now,2
6/2017,I need,2
6/2017,I hate,2
6/2017,I see,2
7/2017,White House,410
7/2017,RR RT,333
7/2017,President Trump,287
7/2017,Donald Trump,239
7/2017,Trump Just,219
7/2017,Curated HedgeBz,215
7/2017,North Korea,197
7/2017,Look Who,166
7/2017,RT The,160
7/2017,RT I,160
7/2017,New Orleans,155
7/2017,New York,152
7/2017,health care,149
7/2017,Trump Supporters,147
7/2017,Fake News,134
7/2017,Look What,119
7/2017,I love,116
7/2017,San Diego,112
7/2017,San Francisco,98
7/2017,Check out,91
7/2017,found dead,88
7/2017,RT This,83
7/2017,Against Trump,82
7/2017,Hillary Clinton,79
7/2017,I know,77
7/2017,I think,75
7/2017,I need,74
7/2017,Jeff Sessions,68
7/2017,I want,66
7/2017,Susan Rice,64
7/2017,police officer,64
7/2017,In The,62
7/2017,RT RT,61
7/2017,San Jose,59
7/2017,fatally shot,58
7/2017,Of The,58
7/2017,United States,57
7/2017,Supreme Court,56
7/2017,Planned Parenthood,54
7/2017,New Jersey,51
7/2017,Bernie Sanders,51
7/2017,I see,49
7/2017,We need,49
7/2017,RT Trump,49
7/2017,Man shot,47
7/2017,pleads guilty,44
7/2017,black people,43
7/2017,Los Angeles,41
7/2017,I hope,40
7/2017,Mad Max,40
7/2017,Michelle Obama,39
7/2017,High School,37
7/2017,I really,37
7/2017,You know,37
7/2017,BREAKING VIDEO,36
7/2017,high school,35
7/2017,click here,35
7/2017,Wall Street,34
7/2017,white people,32
7/2017,social media,30
7/2017,Bay Area,30
7/2017,right now,29
7/2017,Black Lives,28
7/2017,I guess,28
7/2017,Ted Cruz,28
7/2017,The best,27
7/2017,I hate,26
7/2017,I believe,25
7/2017,I feel,25
7/2017,Lives Matter,25
7/2017,I thought,24
7/2017,first time,17
7/2017,wake up,16
7/2017,Fox News,16
7/2017,Islamic State,15
7/2017,Look Which,14
7/2017,Bill Clinton,13
7/2017,I wish,11
7/2017,South Carolina,10
7/2017,North Carolina,7
7/2017,RT MT,5
7/2017,Super Bowl,3
7/2017,President Obama,2
8/2017,RT The,2573
8/2017,North Korea,2255
8/2017,President Trump,2213
8/2017,RR RT,2207
8/2017,RT I,1932
8/2017,Look What,1894
8/2017,patriot army,1537
8/2017,White House,1443
8/2017,Archived HedgeBz,1411
8/2017,Trump Just,1219
8/2017,Retweet RT,1218
8/2017,RT RT_America,1218
8/2017,RT RT,1203
8/2017,Look Which,1110
8/2017,RT This,1096
8/2017,Trump Supporters,1025
8/2017,Curated HedgeBz,996
8/2017,RT Trump,962
8/2017,Mad Max,827
8/2017,Susan Rice,652
8/2017,Look Who,649
8/2017,Against Trump,618
8/2017,BREAKING VIDEO,516
8/2017,Bill Clinton,512
8/2017,Fake News,488
8/2017,Fox News,462
8/2017,Hillary Clinton,457
8/2017,I think,436
8/2017,Donald Trump,415
8/2017,We need,381
8/2017,New York,358
8/2017,Black Lives,337
8/2017,Lives Matter,303
8/2017,Jeff Sessions,240
8/2017,I love,226
8/2017,I know,212
8/2017,Planned Parenthood,193
8/2017,United States,171
8/2017,I want,165
8/2017,Ben Carson,161
8/2017,RT MT,160
8/2017,Los Angeles,156
8/2017,I hope,144
8/2017,I see,138
8/2017,Wall Street,136
8/2017,You know,118
8/2017,I believe,117
8/2017,I thought,116
8/2017,North Carolina,98
8/2017,In The,97
8/2017,Check out,91
8/2017,I guess,88
8/2017,New Orleans,82
8/2017,Of The,80
8/2017,white people,77
8/2017,wake up,72
8/2017,Michelle Obama,69
8/2017,New Jersey,60
8/2017,right now,57
8/2017,I really,55
8/2017,I need,54
8/2017,Supreme Court,50
8/2017,The best,50
8/2017,I feel,50
8/2017,I hate,50
8/2017,police officer,49
8/2017,San Diego,48
8/2017,social media,44
8/2017,I wish,43
8/2017,San Francisco,40
8/2017,health care,40
8/2017,first time,39
8/2017,Bernie Sanders,38
8/2017,President Obama,36
8/2017,Islamic State,34
8/2017,South Carolina,31
8/2017,found dead,30
8/2017,click here,29
8/2017,black people,25
8/2017,San Jose,18
8/2017,high school,16
8/2017,Bay Area,15
8/2017,High School,14
8/2017,fatally shot,14
8/2017,pleads guilty,12
8/2017,Ted Cruz,12
8/2017,Man shot,9
8/2017,Puerto Rico,6
9/2017,North Korea,600
9/2017,Trump Supporters,490
9/2017,President Trump,408
9/2017,Look What,369
9/2017,Trump Just,330
9/2017,Look Who,307
9/2017,Look Which,225
9/2017,White House,207
9/2017,Puerto Rico,205
9/2017,Fake News,154
9/2017,Against Trump,145
9/2017,In The,124
9/2017,BREAKING VIDEO,112
9/2017,Fox News,111
9/2017,Hillary Clinton,111
9/2017,Susan Rice,99
9/2017,High School,98
9/2017,Black Lives,82
9/2017,Lives Matter,80
9/2017,Michelle Obama,77
9/2017,Jeff Sessions,76
9/2017,Mad Max,72
9/2017,Of The,72
9/2017,Bernie Sanders,53
9/2017,Ben Carson,48
9/2017,San Francisco,46
9/2017,Planned Parenthood,44
9/2017,New York,37
9/2017,Ted Cruz,26
9/2017,Wall Street,25
9/2017,Los Angeles,23
9/2017,Supreme Court,21
9/2017,New Orleans,21
9/2017,Bill Clinton,21
9/2017,Donald Trump,15
9/2017,high school,9
9/2017,Islamic State,8
9/2017,We need,7
9/2017,white people,6
9/2017,first time,6
9/2017,United States,6
9/2017,I think,5
9/2017,San Diego,4
9/2017,North Carolina,3
9/2017,I love,3
9/2017,South Carolina,3
9/2017,health care,2
9/2017,I feel,2
9/2017,social media,2
9/2017,I hope,2
9/2017,I guess,2
9/2017,I want,2
9/2017,I wish,2
10/2017,Puerto Rico,432
10/2017,President Trump,394
10/2017,In The,264
10/2017,Look Who,181
10/2017,Michelle Obama,170
10/2017,High School,168
10/2017,Fake News,145
10/2017,North Korea,144
10/2017,Trump Supporters,143
10/2017,Hillary Clinton,103
10/2017,White House,76
10/2017,New York,75
10/2017,Bill Clinton,75
10/2017,Look Which,70
10/2017,Trump Just,69
10/2017,Donald Trump,59
10/2017,Look What,48
10/2017,Of The,47
10/2017,Fox News,25
10/2017,Black Lives,23
10/2017,Lives Matter,23
10/2017,Ted Cruz,23
10/2017,Susan Rice,21
10/2017,San Francisco,21
10/2017,Mad Max,21
10/2017,United States,21
10/2017,North Carolina,21
10/2017,Supreme Court,21
10/2017,Los Angeles,10
10/2017,I hope,4
10/2017,We need,3
10/2017,high school,2
10/2017,You know,2
10/2017,I believe,2
10/2017,Check out,2
11/2017,CNN IS,2260
11/2017,IS CNN,1899
11/2017,President Trump,195
11/2017,Bill Clinton,83
11/2017,Donald Trump,76
11/2017,White House,62
11/2017,I think,60
11/2017,United States,59
11/2017,Hillary Clinton,49
11/2017,New York,45
11/2017,North Korea,41
11/2017,I know,40
11/2017,We need,34
11/2017,Fox News,30
11/2017,Fake News,30
11/2017,I believe,28
11/2017,I want,27
11/2017,I thought,26
11/2017,I hope,25
11/2017,New Jersey,24
11/2017,I guess,21
11/2017,Jeff Sessions,21
11/2017,You know,18
11/2017,I love,18
11/2017,I see,16
11/2017,social media,14
11/2017,Of The,11
11/2017,Planned Parenthood,11
11/2017,Supreme Court,10
11/2017,first time,10
11/2017,Bernie Sanders,10
11/2017,I feel,10
11/2017,I wish,9
11/2017,Check out,9
11/2017,Wall Street,8
11/2017,right now,8
11/2017,Los Angeles,7
11/2017,I really,7
11/2017,high school,7
11/2017,wake up,6
11/2017,President Obama,6
11/2017,I need,6
11/2017,Black Lives,6
11/2017,Lives Matter,6
11/2017,In The,5
11/2017,High School,5
11/2017,Ted Cruz,5
11/2017,police officer,5
11/2017,Look Who,4
11/2017,Trump Supporters,4
11/2017,Mad Max,4
11/2017,RT RT,4
11/2017,white people,4
11/2017,Look What,3
11/2017,Look Which,3
11/2017,health care,3
11/2017,I hate,2
11/2017,found dead,2
11/2017,San Jose,2
11/2017,The best,2
11/2017,Trump Just,2
11/2017,San Diego,2
11/2017,Puerto Rico,2
11/2017,South Carolina,2
12/2017,CNN IS,1032
12/2017,IS CNN,860
12/2017,President Trump,124
12/2017,Donald Trump,99
12/2017,Hillary Clinton,54
12/2017,I think,48
12/2017,United States,41
12/2017,Supreme Court,39
12/2017,San Francisco,30
12/2017,Fake News,29
12/2017,White House,29
12/2017,I hope,22
12/2017,New York,19
12/2017,I know,18
12/2017,We need,18
12/2017,I believe,18
12/2017,I want,17
12/2017,Bill Clinton,16
12/2017,President Obama,14
12/2017,Planned Parenthood,14
12/2017,I love,13
12/2017,Fox News,13
12/2017,I feel,12
12/2017,North Korea,12
12/2017,first time,12
12/2017,Michelle Obama,10
12/2017,I wish,10
12/2017,Trump Just,9
12/2017,Check out,9
12/2017,Jeff Sessions,9
12/2017,You know,8
12/2017,Puerto Rico,8
12/2017,I guess,8
12/2017,I thought,8
12/2017,right now,7
12/2017,I need,7
12/2017,I see,7
12/2017,Wall Street,7
12/2017,police officer,6
12/2017,social media,6
12/2017,black people,6
12/2017,wake up,5
12/2017,Against Trump,5
12/2017,Look What,5
12/2017,Look Who,5
12/2017,In The,4
12/2017,High School,4
12/2017,Of The,4
12/2017,health care,4
12/2017,high school,4
12/2017,Mad Max,4
12/2017,Trump Supporters,4
12/2017,Los Angeles,3
12/2017,Bernie Sanders,3
12/2017,Look Which,2
12/2017,Lives Matter,2
12/2017,Black Lives,2
12/2017,The best,2
12/2017,Ted Cruz,2
12/2017,RT The,2
12/2017,pleads guilty,2
12/2017,I really,2
12/2017,I hate,2
12/2017,New Orleans,2
12/2017,white people,2
1/2018,Donald Trump,43
1/2018,President Trump,21
1/2018,Puerto Rico,17
1/2018,Michelle Obama,16
1/2018,I think,12
1/2018,White House,12
1/2018,United States,11
1/2018,Hillary Clinton,10
1/2018,Jeff Sessions,10
1/2018,President Obama,10
1/2018,I want,9
1/2018,first time,7
1/2018,Fox News,7
1/2018,I wish,6
1/2018,I believe,6
1/2018,I love,5
1/2018,I hope,5
1/2018,I see,5
1/2018,Fake News,5
1/2018,New York,5
1/2018,I know,4
1/2018,high school,4
1/2018,I hate,4
1/2018,North Korea,4
1/2018,I thought,4
1/2018,We need,3
1/2018,Supreme Court,3
1/2018,wake up,2
1/2018,black people,2
1/2018,white people,2
1/2018,right now,2
1/2018,I guess,2
1/2018,High School,2
1/2018,Of The,2
2/2018,Donald Trump,40
2/2018,White House,26
2/2018,Michelle Obama,19
2/2018,High School,17
2/2018,We need,13
2/2018,high school,10
2/2018,President Obama,9
2/2018,I guess,8
2/2018,right now,8
2/2018,Hillary Clinton,8
2/2018,President Trump,7
2/2018,I know,7
2/2018,I need,6
2/2018,United States,6
2/2018,New York,5
2/2018,black people,4
2/2018,I hope,4
2/2018,white people,4
2/2018,I want,4
2/2018,Jeff Sessions,3
2/2018,You know,3
2/2018,I feel,3
2/2018,San Francisco,3
2/2018,I think,3
2/2018,I love,2
2/2018,police officer,2
2/2018,Los Angeles,2
2/2018,North Korea,2
2/2018,Super Bowl,2
2/2018,social media,2
2/2018,wake up,2
3/2018,Donald Trump,66
3/2018,White House,28
3/2018,High School,19
3/2018,I think,14
3/2018,Michelle Obama,12
3/2018,President Trump,11
3/2018,I guess,10
3/2018,I hope,9
3/2018,We need,8
3/2018,President Obama,8
3/2018,United States,6
3/2018,high school,5
3/2018,I know,4
3/2018,Fox News,4
3/2018,Bill Clinton,4
3/2018,I feel,4
3/2018,Hillary Clinton,4
3/2018,Jeff Sessions,3
3/2018,I believe,3
3/2018,Ted Cruz,3
3/2018,Puerto Rico,2
3/2018,Supreme Court,2
3/2018,North Korea,2
3/2018,Los Angeles,2
3/2018,wake up,2
3/2018,The best,2
3/2018,I wish,2
3/2018,I love,2
3/2018,I want,2
3/2018,San Francisco,2
3/2018,I need,2
3/2018,New York,2
4/2018,Donald Trump,12
4/2018,Puerto Rico,10
4/2018,We need,6
4/2018,White House,5
4/2018,United States,4
4/2018,I know,3
4/2018,Fox News,3
4/2018,President Trump,3
4/2018,I believe,3
4/2018,I thought,2
4/2018,New York,2
4/2018,Ted Cruz,2
4/2018,Ben Carson,2
4/2018,I guess,2
5/2018,Donald Trump,10
5/2018,White House,5
5/2018,Michelle Obama,5
5/2018,High School,4
5/2018,I guess,3
5/2018,We need,3
5/2018,right now,3
5/2018,I hope,2
5/2018,I thought,2
5/2018,white people,2
5/2018,The best,2
5/2018,I know,2
5/2018,I believe,2
5/2018,Puerto Rico,2
5/2018,Fox News,2
